protein,length,shape
A1L0T0,632,632x112
A2A3N6,862,862x112
A2AJT9,711,711x112
A2RRP1,2371,2371x112
A2RTX5,802,802x112
A3KMH1,1905,1905x112
A3KN83,1393,1393x112
A4D1E9,387,387x112
A5D8V6,355,355x112
A5PLN9,417,417x112
A5YKK6,2376,2376x112
A6NCE7,125,125x112
A6NCI4,1184,1184x112
A6ND36,823,823x112
A6NDG6,321,321x112
A6NDU8,294,294x112
A6NHX0,329,329x112
A6NKD9,419,419x112
A6NKH3,93,93x112
A6NM62,1247,1247x112
A6NMD2,632,632x112
A7E2Y1,1983,1983x112
A8MWD9,76,76x112
A8MWX3,477,477x112
A9UHW6,222,222x112
B5ME19,914,914x112
B7ZAQ6,455,455x112
E9PAV3,2078,2078x112
L0R6Q1,103,103x112
O00116,658,658x112
O00151,329,329x112
O00161,211,211x112
O00170,330,330x112
O00193,183,183x112
O00203,1094,1094x112
O00217,210,210x112
O00220,468,468x112
O00231,422,422x112
O00232,456,456x112
O00233,223,223x112
O00244,68,68x112
O00267,1087,1087x112
O00303,357,357x112
O00330,501,501x112
O00399,190,190x112
O00401,505,505x112
O00411,1230,1230x112
O00422,153,153x112
O00442,366,366x112
O00443,1686,1686x112
O00458,451,451x112
O00459,728,728x112
O00461,696,696x112
O00471,708,708x112
O00483,81,81x112
O00487,310,310x112
O00499,593,593x112
O00507,2555,2555x112
O00534,786,786x112
O00541,588,588x112
O00560,298,298x112
O00566,681,681x112
O00567,594,594x112
O00571,662,662x112
O00592,558,558x112
O00625,290,290x112
O00762,179,179x112
O00763,2458,2458x112
O00764,312,312x112
O00767,359,359x112
O14497,2285,2285x112
O14530,226,226x112
O14545,582,582x112
O14548,114,114x112
O14561,156,156x112
O14562,309,309x112
O14579,308,308x112
O14602,144,144x112
O14617,1153,1153x112
O14639,778,778x112
O14647,1828,1828x112
O14656,332,332x112
O14727,1248,1248x112
O14730,519,519x112
O14735,213,213x112
O14737,125,125x112
O14744,637,637x112
O14745,358,358x112
O14757,476,476x112
O14776,1098,1098x112
O14777,642,642x112
O14802,1390,1390x112
O14874,412,412x112
O14880,152,152x112
O14904,365,365x112
O14907,124,124x112
O14908,333,333x112
O14925,209,209x112
O14929,419,419x112
O14936,926,926x112
O14950,172,172x112
O14964,777,777x112
O14965,403,403x112
O14974,1030,1030x112
O14975,620,620x112
O14979,420,420x112
O14980,1071,1071x112
O14981,1849,1849x112
O15020,2390,2390x112
O15031,1838,1838x112
O15042,1029,1029x112
O15061,1565,1565x112
O15066,747,747x112
O15067,1338,1338x112
O15078,2479,2479x112
O15084,1053,1053x112
O15085,1522,1522x112
O15091,583,583x112
O15116,133,133x112
O15121,323,323x112
O15143,372,372x112
O15144,300,300x112
O15145,178,178x112
O15160,346,346x112
O15162,318,318x112
O15173,223,223x112
O15212,129,129x112
O15213,610,610x112
O15226,690,690x112
O15260,269,269x112
O15269,473,473x112
O15270,562,562x112
O15294,1046,1046x112
O15305,246,246x112
O15355,546,546x112
O15357,1258,1258x112
O15371,548,548x112
O15372,352,352x112
O15400,261,261x112
O15427,465,465x112
O15439,1325,1325x112
O15479,319,319x112
O15498,198,198x112
O15541,343,343x112
O15554,427,427x112
O43148,476,476x112
O43156,1089,1089x112
O43172,522,522x112
O43175,533,533x112
O43181,175,175x112
O43242,534,534x112
O43252,624,624x112
O43264,779,779x112
O43290,800,800x112
O43292,621,621x112
O43309,611,611x112
O43310,598,598x112
O43314,1243,1243x112
O43318,606,606x112
O43324,174,174x112
O43345,1280,1280x112
O43347,362,362x112
O43353,540,540x112
O43390,633,633x112
O43395,683,683x112
O43396,289,289x112
O43399,206,206x112
O43427,364,364x112
O43448,404,404x112
O43488,359,359x112
O43491,1005,1005x112
O43505,415,415x112
O43513,233,233x112
O43583,198,198x112
O43592,962,962x112
O43598,174,174x112
O43615,452,452x112
O43660,514,514x112
O43663,620,620x112
O43670,478,478x112
O43674,189,189x112
O43677,76,76x112
O43681,348,348x112
O43684,328,328x112
O43688,288,288x112
O43707,911,911x112
O43716,136,136x112
O43719,755,755x112
O43739,400,400x112
O43747,822,822x112
O43752,255,255x112
O43765,313,313x112
O43768,121,121x112
O43776,548,548x112
O43795,1136,1136x112
O43805,119,119x112
O43809,227,227x112
O43813,399,399x112
O43818,475,475x112
O43823,692,692x112
O43837,385,385x112
O43861,1147,1147x112
O43896,1103,1103x112
O43913,435,435x112
O60216,631,631x112
O60237,982,982x112
O60239,455,455x112
O60244,1454,1454x112
O60256,369,369x112
O60264,1052,1052x112
O60271,1321,1321x112
O60287,2271,2271x112
O60293,1989,1989x112
O60306,1485,1485x112
O60313,960,960x112
O60333,1816,1816x112
O60341,852,852x112
O60343,1298,1298x112
O60412,319,319x112
O60437,1756,1756x112
O60443,496,496x112
O60476,641,641x112
O60493,162,162x112
O60502,916,916x112
O60503,1353,1353x112
O60518,1105,1105x112
O60524,1076,1076x112
O60547,372,372x112
O60563,726,726x112
O60566,1050,1050x112
O60568,738,738x112
O60610,1272,1272x112
O60678,531,531x112
O60701,494,494x112
O60716,968,968x112
O60739,113,113x112
O60762,260,260x112
O60763,962,962x112
O60825,505,505x112
O60826,627,627x112
O60828,265,265x112
O60831,178,178x112
O60832,514,514x112
O60841,1220,1220x112
O60869,148,148x112
O60870,393,393x112
O60884,412,412x112
O60885,1362,1362x112
O60888,179,179x112
O60921,280,280x112
O60925,122,122x112
O60934,754,754x112
O75027,752,752x112
O75063,409,409x112
O75083,606,606x112
O75094,1523,1523x112
O75116,1388,1388x112
O75127,700,700x112
O75128,1261,1261x112
O75131,537,537x112
O75143,517,517x112
O75145,1194,1194x112
O75146,1068,1068x112
O75150,1001,1001x112
O75152,810,810x112
O75153,1309,1309x112
O75155,1236,1236x112
O75157,780,780x112
O75165,2243,2243x112
O75175,753,753x112
O75179,2603,2603x112
O75190,326,326x112
O75191,536,536x112
O75208,318,318x112
O75223,188,188x112
O75306,463,463x112
O75312,459,459x112
O75323,286,286x112
O75330,724,724x112
O75334,1257,1257x112
O75347,108,108x112
O75348,118,118x112
O75351,444,444x112
O75368,114,114x112
O75380,124,124x112
O75390,466,466x112
O75391,227,227x112
O75400,957,957x112
O75410,805,805x112
O75419,566,566x112
O75420,1035,1035x112
O75436,327,327x112
O75439,489,489x112
O75446,220,220x112
O75448,989,989x112
O75459,146,146x112
O75475,530,530x112
O75477,348,348x112
O75486,317,317x112
O75496,209,209x112
O75521,394,394x112
O75526,392,392x112
O75531,89,89x112
O75533,1304,1304x112
O75534,798,798x112
O75554,376,376x112
O75643,2136,2136x112
O75663,272,272x112
O75665,1012,1012x112
O75674,476,476x112
O75683,361,361x112
O75694,1391,1391x112
O75695,350,350x112
O75717,1129,1129x112
O75718,401,401x112
O75746,678,678x112
O75787,350,350x112
O75792,299,299x112
O75794,336,336x112
O75818,363,363x112
O75821,320,320x112
O75822,258,258x112
O75832,226,226x112
O75844,475,475x112
O75934,225,225x112
O75937,253,253x112
O75940,238,238x112
O75947,161,161x112
O75953,348,348x112
O75964,103,103x112
O76003,335,335x112
O76021,490,490x112
O76080,213,213x112
O76094,671,671x112
O94760,285,285x112
O94776,668,668x112
O94804,968,968x112
O94822,1766,1766x112
O94826,608,608x112
O94874,794,794x112
O94880,948,948x112
O94888,489,489x112
O94906,941,941x112
O94925,669,669x112
O94966,1318,1318x112
O94979,1220,1220x112
O94992,359,359x112
O95049,919,919x112
O95070,293,293x112
O95081,481,481x112
O95104,1147,1147x112
O95140,757,757x112
O95155,1302,1302x112
O95163,1332,1332x112
O95166,117,117x112
O95182,113,113x112
O95197,1032,1032x112
O95202,739,739x112
O95218,330,330x112
O95232,432,432x112
O95235,890,890x112
O95251,611,611x112
O95267,797,797x112
O95295,136,136x112
O95299,355,355x112
O95319,508,508x112
O95347,1197,1197x112
O95361,564,564x112
O95363,451,451x112
O95373,1038,1038x112
O95376,493,493x112
O95379,198,198x112
O95394,542,542x112
O95433,338,338x112
O95453,639,639x112
O95456,288,288x112
O95466,1100,1100x112
O95470,568,568x112
O95478,260,260x112
O95487,1268,1268x112
O95573,720,720x112
O95602,1720,1720x112
O95619,227,227x112
O95630,424,424x112
O95674,445,445x112
O95684,399,399x112
O95707,220,220x112
O95721,258,258x112
O95749,300,300x112
O95782,977,977x112
O95801,387,387x112
O95816,211,211x112
O95819,1239,1239x112
O95831,613,613x112
O95832,211,211x112
O95861,308,308x112
O95900,331,331x112
O95922,423,423x112
O95985,862,862x112
O95989,172,172x112
O96005,669,669x112
P00367,558,558x112
P00374,187,187x112
P00390,522,522x112
P00414,261,261x112
P00441,154,154x112
P00491,289,289x112
P00505,430,430x112
P00533,1210,1210x112
P00558,417,417x112
P00966,412,412x112
P02545,664,664x112
P02786,760,760x112
P02794,183,183x112
P04040,527,527x112
P04075,364,364x112
P04080,98,98x112
P04179,222,222x112
P04181,439,439x112
P04183,234,234x112
P04406,335,335x112
P04632,268,268x112
P04792,205,205x112
P04818,313,313x112
P04843,607,607x112
P04844,631,631x112
P04920,1241,1241x112
P05026,303,303x112
P05091,517,517x112
P05114,100,100x112
P05141,298,298x112
P05187,535,535x112
P05198,315,315x112
P05387,115,115x112
P05388,317,317x112
P05455,408,408x112
P05556,798,798x112
P05783,430,430x112
P06213,1382,1382x112
P06280,429,429x112
P06454,111,111x112
P06576,529,529x112
P06730,217,217x112
P06733,434,434x112
P06737,847,847x112
P06744,558,558x112
P06748,294,294x112
P06753,285,285x112
P07099,455,455x112
P07195,334,334x112
P07237,508,508x112
P07305,194,194x112
P07311,99,99x112
P07339,412,412x112
P07384,714,714x112
P07686,556,556x112
P07711,333,333x112
P07737,140,140x112
P07741,180,180x112
P07814,1512,1512x112
P07858,339,339x112
P07910,306,306x112
P07942,1786,1786x112
P07948,512,512x112
P07954,510,510x112
P08047,785,785x112
P08133,673,673x112
P08174,381,381x112
P08183,1280,1280x112
P08240,638,638x112
P08243,561,561x112
P08397,361,361x112
P08559,390,390x112
P08581,1390,1390x112
P08590,195,195x112
P08621,437,437x112
P08651,508,508x112
P08708,135,135x112
P08865,295,295x112
P08962,238,238x112
P09001,348,348x112
P09012,282,282x112
P09038,288,288x112
P09132,144,144x112
P09211,210,210x112
P09234,159,159x112
P09382,135,135x112
P09496,248,248x112
P09543,421,421x112
P09622,509,509x112
P09661,255,255x112
P09874,1014,1014x112
P09884,1462,1462x112
P09960,611,611x112
P0C7P0,127,127x112
P0C7P4,283,283x112
P0CG48,685,685x112
P0DJ07,73,73x112
P0DMU7,189,189x112
P0DPB6,133,133x112
P10155,538,538x112
P10321,366,366x112
P10515,647,647x112
P10586,1907,1907x112
P10606,129,129x112
P10620,155,155x112
P10644,381,381x112
P10768,282,282x112
P10809,573,573x112
P10909,449,449x112
P11047,1609,1609x112
P11117,423,423x112
P11166,492,492x112
P11172,480,480x112
P11177,359,359x112
P11233,206,206x112
P11310,421,421x112
P11387,765,765x112
P11413,515,515x112
P11498,1178,1178x112
P11717,2491,2491x112
P11766,374,374x112
P11831,508,508x112
P11908,318,318x112
P12004,261,261x112
P12081,509,509x112
P12107,1806,1806x112
P12268,514,514x112
P12270,2363,2363x112
P12694,445,445x112
P12955,493,493x112
P12956,609,609x112
P13010,732,732x112
P13051,313,313x112
P13073,169,169x112
P13284,250,250x112
P13489,461,461x112
P13639,858,858x112
P13667,645,645x112
P13674,534,534x112
P13693,172,172x112
P13797,630,630x112
P13804,333,333x112
P13807,737,737x112
P13984,249,249x112
P13987,128,128x112
P13995,350,350x112
P14174,115,115x112
P14209,185,185x112
P14314,528,528x112
P14317,486,486x112
P14324,419,419x112
P14550,325,325x112
P14625,803,803x112
P14635,433,433x112
P14678,240,240x112
P14735,1019,1019x112
P14854,86,86x112
P14866,589,589x112
P14868,501,501x112
P15056,766,766x112
P15311,586,586x112
P15328,257,257x112
P15374,230,230x112
P15408,326,326x112
P15529,392,392x112
P15531,152,152x112
P15559,274,274x112
P15735,406,406x112
P15880,293,293x112
P15927,270,270x112
P16070,742,742x112
P16152,277,277x112
P16220,327,327x112
P16278,677,677x112
P16298,524,524x112
P16401,226,226x112
P16435,677,677x112
P16591,822,822x112
P16615,1042,1042x112
P16989,372,372x112
P17096,107,107x112
P17252,672,672x112
P17480,764,764x112
P17540,419,419x112
P17568,137,137x112
P17612,351,351x112
P17676,345,345x112
P17812,591,591x112
P17980,439,439x112
P17987,556,556x112
P18031,435,435x112
P18074,760,760x112
P18077,110,110x112
P18124,248,248x112
P18206,1134,1134x112
P18583,2426,2426x112
P18621,184,184x112
P18669,254,254x112
P18754,421,421x112
P18858,919,919x112
P18887,633,633x112
P19022,906,906x112
P19174,1290,1290x112
P19338,710,710x112
P19367,917,917x112
P19404,249,249x112
P19440,569,569x112
P19525,551,551x112
P19532,575,575x112
P20042,333,333x112
P20226,339,339x112
P20290,206,206x112
P20338,218,218x112
P20585,1137,1137x112
P20618,241,241x112
P20645,277,277x112
P20674,150,150x112
P20810,708,708x112
P21127,795,795x112
P21266,225,225x112
P21281,511,511x112
P21283,382,382x112
P21291,193,193x112
P21912,280,280x112
P21926,228,228x112
P21953,392,392x112
P21964,271,271x112
P22033,750,750x112
P22059,807,807x112
P22087,321,321x112
P22090,263,263x112
P22102,1010,1010x112
P22234,425,425x112
P22307,547,547x112
P22314,1058,1058x112
P22413,925,925x112
P22695,453,453x112
P22830,423,423x112
P23142,703,703x112
P23193,301,301x112
P23229,1130,1130x112
P23246,707,707x112
P23258,451,451x112
P23381,471,471x112
P23396,243,243x112
P23497,879,879x112
P23511,347,347x112
P23528,166,166x112
P23588,611,611x112
P23763,118,118x112
P23786,658,658x112
P23919,212,212x112
P23921,792,792x112
P24001,234,234x112
P24390,212,212x112
P24539,256,256x112
P24588,427,427x112
P24666,158,158x112
P24752,427,427x112
P24928,1970,1970x112
P25098,689,689x112
P25205,808,808x112
P25325,297,297x112
P25398,132,132x112
P25440,801,801x112
P25490,414,414x112
P25705,553,553x112
P25786,263,263x112
P25788,255,255x112
P25789,261,261x112
P26006,1051,1051x112
P26196,483,483x112
P26232,953,953x112
P26358,1616,1616x112
P26368,475,475x112
P26373,211,211x112
P26374,656,656x112
P26447,101,101x112
P26599,557,557x112
P26640,1264,1264x112
P26641,437,437x112
P27105,288,288x112
P27144,223,223x112
P27338,520,520x112
P27361,379,379x112
P27635,214,214x112
P27694,616,616x112
P27695,318,318x112
P27707,260,260x112
P27708,2225,2225x112
P27797,417,417x112
P27816,1152,1152x112
P27824,592,592x112
P28062,276,276x112
P28066,241,241x112
P28070,264,264x112
P28072,239,239x112
P28288,659,659x112
P28331,727,727x112
P28340,1107,1107x112
P28347,426,426x112
P28702,533,533x112
P28715,1186,1186x112
P28838,519,519x112
P29083,439,439x112
P29084,291,291x112
P29144,1249,1249x112
P29218,277,277x112
P29401,623,623x112
P29692,281,281x112
P29966,332,332x112
P29992,359,359x112
P30040,261,261x112
P30041,224,224x112
P30044,214,214x112
P30047,84,84x112
P30049,168,168x112
P30050,165,165x112
P30084,290,290x112
P30085,196,196x112
P30086,187,187x112
P30154,601,601x112
P30260,824,824x112
P30414,1462,1462x112
P30419,496,496x112
P30519,316,316x112
P30520,456,456x112
P30530,894,894x112
P30533,357,357x112
P30566,484,484x112
P30613,574,574x112
P30622,1438,1438x112
P30740,379,379x112
P30825,629,629x112
P30876,1174,1174x112
P31040,664,664x112
P31150,447,447x112
P31153,395,395x112
P31323,418,418x112
P31350,389,389x112
P31483,386,386x112
P31751,481,481x112
P31937,336,336x112
P31939,592,592x112
P31943,449,449x112
P31948,543,543x112
P31949,105,105x112
P32004,1257,1257x112
P32121,409,409x112
P32189,559,559x112
P32320,146,146x112
P32780,548,548x112
P32929,405,405x112
P32969,192,192x112
P33316,252,252x112
P33527,1531,1531x112
P33552,79,79x112
P33897,745,745x112
P33991,863,863x112
P33992,734,734x112
P33993,719,719x112
P34897,504,504x112
P34913,555,555x112
P34949,423,423x112
P35222,781,781x112
P35244,121,121x112
P35249,363,363x112
P35250,354,354x112
P35251,1148,1148x112
P35268,128,128x112
P35269,517,517x112
P35270,261,261x112
P35520,551,551x112
P35527,623,623x112
P35573,1532,1532x112
P35606,906,906x112
P35610,550,550x112
P35613,385,385x112
P35658,2090,2090x112
P35659,375,375x112
P35813,382,382x112
P35914,325,325x112
P36405,182,182x112
P36507,400,400x112
P36542,298,298x112
P36543,226,226x112
P36578,427,427x112
P36776,959,959x112
P36871,562,562x112
P36897,503,503x112
P36954,125,125x112
P36957,453,453x112
P37108,136,136x112
P37198,522,522x112
P37235,193,193x112
P37268,417,417x112
P37837,337,337x112
P38117,255,255x112
P38435,758,758x112
P38606,617,617x112
P38646,679,679x112
P38919,411,411x112
P39019,145,145x112
P39748,380,380x112
P39880,1505,1505x112
P40123,477,477x112
P40222,546,546x112
P40227,531,531x112
P40429,203,203x112
P40763,770,770x112
P40818,1118,1118x112
P40925,334,334x112
P40926,338,338x112
P40937,340,340x112
P40938,356,356x112
P40939,763,763x112
P41091,472,472x112
P41208,172,172x112
P41227,235,235x112
P41229,1560,1560x112
P41236,205,205x112
P41247,253,253x112
P41250,739,739x112
P41252,1262,1262x112
P41743,596,596x112
P42126,302,302x112
P42166,694,694x112
P42229,794,794x112
P42285,1042,1042x112
P42336,1068,1068x112
P42345,2549,2549x112
P42356,2102,2102x112
P42566,896,896x112
P42677,84,84x112
P42684,1182,1182x112
P42704,1394,1394x112
P42766,123,123x112
P42773,168,168x112
P42898,656,656x112
P43034,410,410x112
P43121,646,646x112
P43155,626,626x112
P43243,847,847x112
P43246,934,934x112
P43304,727,727x112
P43490,491,491x112
P43897,325,325x112
P45378,269,269x112
P45880,294,294x112
P45973,191,191x112
P45974,858,858x112
P46060,587,587x112
P46063,649,649x112
P46087,812,812x112
P46100,2492,2492x112
P46108,304,304x112
P46199,727,727x112
P46379,1132,1132x112
P46459,744,744x112
P46734,347,347x112
P46736,316,316x112
P46776,148,148x112
P46777,297,297x112
P46778,160,160x112
P46779,137,137x112
P46781,194,194x112
P46782,204,204x112
P46926,289,289x112
P46934,1319,1319x112
P46937,504,504x112
P46940,1657,1657x112
P47712,749,749x112
P47755,286,286x112
P47756,272,272x112
P47897,775,775x112
P47914,159,159x112
P48047,213,213x112
P48147,710,710x112
P48200,963,963x112
P48444,511,511x112
P48449,732,732x112
P48507,274,274x112
P48509,253,253x112
P48553,1259,1259x112
P48556,350,350x112
P48634,2157,2157x112
P48637,474,474x112
P48643,541,541x112
P48651,473,473x112
P48723,471,471x112
P48729,337,337x112
P48735,452,452x112
P48739,271,271x112
P48960,835,835x112
P49023,591,591x112
P49207,117,117x112
P49247,311,311x112
P49257,510,510x112
P49321,788,788x112
P49327,2511,2511x112
P49368,545,545x112
P49411,455,455x112
P49418,695,695x112
P49419,539,539x112
P49458,86,86x112
P49585,367,367x112
P49589,748,748x112
P49591,514,514x112
P49641,1150,1150x112
P49642,420,420x112
P49643,509,509x112
P49662,377,377x112
P49711,727,727x112
P49720,205,205x112
P49721,201,201x112
P49736,904,904x112
P49748,655,655x112
P49750,2146,2146x112
P49753,483,483x112
P49754,854,854x112
P49755,219,219x112
P49756,843,843x112
P49770,351,351x112
P49773,126,126x112
P49790,1475,1475x112
P49821,464,464x112
P49902,561,561x112
P49903,392,392x112
P49914,203,203x112
P49915,693,693x112
P49916,1009,1009x112
P49959,708,708x112
P50135,292,292x112
P50225,295,295x112
P50402,254,254x112
P50416,773,773x112
P50443,739,739x112
P50454,418,418x112
P50502,369,369x112
P50542,639,639x112
P50548,548,548x112
P50552,380,380x112
P50570,870,870x112
P50579,478,478x112
P50747,726,726x112
P50748,2209,2209x112
P50897,306,306x112
P50914,215,215x112
P50990,548,548x112
P50991,539,539x112
P50995,505,505x112
P51003,745,745x112
P51116,673,673x112
P51149,207,207x112
P51398,398,398x112
P51452,185,185x112
P51532,1647,1647x112
P51570,392,392x112
P51572,246,246x112
P51580,245,245x112
P51610,2035,2035x112
P51648,485,485x112
P51649,535,535x112
P51659,736,736x112
P51665,324,324x112
P51690,589,589x112
P51784,963,963x112
P51809,220,220x112
P51970,172,172x112
P51991,378,378x112
P52209,483,483x112
P52272,730,730x112
P52294,538,538x112
P52298,156,156x112
P52435,117,117x112
P52565,204,204x112
P52594,562,562x112
P52701,1360,1360x112
P52732,1056,1056x112
P52735,878,878x112
P52788,366,366x112
P52815,198,198x112
P52948,1817,1817x112
P53004,296,296x112
P53007,311,311x112
P53041,499,499x112
P53367,373,373x112
P53384,320,320x112
P53396,1101,1101x112
P53539,338,338x112
P53597,346,346x112
P53602,400,400x112
P53609,377,377x112
P53611,331,331x112
P53618,953,953x112
P53621,1224,1224x112
P53701,268,268x112
P53801,180,180x112
P53804,2025,2025x112
P53816,162,162x112
P53985,500,500x112
P53990,364,364x112
P53992,1094,1094x112
P53999,127,127x112
P54136,660,660x112
P54252,361,361x112
P54577,528,528x112
P54578,494,494x112
P54709,279,279x112
P54727,409,409x112
P54819,239,239x112
P54851,167,167x112
P54886,795,795x112
P54920,295,295x112
P55008,147,147x112
P55010,431,431x112
P55011,1212,1212x112
P55060,971,971x112
P55072,806,806x112
P55081,439,439x112
P55084,474,474x112
P55145,182,182x112
P55209,391,391x112
P55210,303,303x112
P55263,362,362x112
P55265,1226,1226x112
P55327,224,224x112
P55735,322,322x112
P55769,128,128x112
P55786,919,919x112
P55809,520,520x112
P55854,103,103x112
P55884,814,814x112
P56192,900,900x112
P56199,1179,1179x112
P56270,477,477x112
P56378,58,58x112
P56385,69,69x112
P56545,445,445x112
P56715,2156,2156x112
P56937,341,341x112
P56945,870,870x112
P57076,290,290x112
P57081,412,412x112
P57678,1058,1058x112
P57723,403,403x112
P57740,925,925x112
P58304,361,361x112
P58546,118,118x112
P58557,167,167x112
P59998,168,168x112
P60002,83,83x112
P60059,68,68x112
P60228,445,445x112
P60484,403,403x112
P60866,119,119x112
P60896,70,70x112
P60900,246,246x112
P60903,97,97x112
P60983,142,142x112
P61006,207,207x112
P61009,180,180x112
P61011,504,504x112
P61081,183,183x112
P61086,200,200x112
P61158,418,418x112
P61201,443,443x112
P61221,599,599x112
P61247,264,264x112
P61254,145,145x112
P61289,254,254x112
P61313,204,204x112
P61353,136,136x112
P61421,351,351x112
P61457,104,104x112
P61604,102,102x112
P61619,476,476x112
P61758,197,197x112
P61764,594,594x112
P61769,119,119x112
P61916,151,151x112
P61923,177,177x112
P61927,97,97x112
P61964,334,334x112
P61966,158,158x112
P61978,463,463x112
P62072,90,90x112
P62081,194,194x112
P62136,330,330x112
P62191,440,440x112
P62241,208,208x112
P62244,130,130x112
P62249,146,146x112
P62256,183,183x112
P62258,255,255x112
P62263,151,151x112
P62266,143,143x112
P62269,152,152x112
P62273,56,56x112
P62277,151,151x112
P62280,158,158x112
P62304,92,92x112
P62306,86,86x112
P62314,119,119x112
P62316,118,118x112
P62318,126,126x112
P62424,266,266x112
P62495,437,437x112
P62633,177,177x112
P62750,156,156x112
P62753,249,249x112
P62805,103,103x112
P62826,216,216x112
P62829,140,140x112
P62841,145,145x112
P62847,133,133x112
P62851,125,125x112
P62854,115,115x112
P62857,69,69x112
P62873,340,340x112
P62877,108,108x112
P62888,115,115x112
P62891,51,51x112
P62899,125,125x112
P62906,217,217x112
P62910,135,135x112
P62913,178,178x112
P62917,257,257x112
P62993,217,217x112
P63167,89,89x112
P63173,70,70x112
P63208,163,163x112
P63220,83,83x112
P63241,154,154x112
P63244,317,317x112
P63272,117,117x112
P63279,158,158x112
P67812,179,179x112
P68400,391,391x112
P68431,136,136x112
P78310,365,365x112
P78316,857,857x112
P78318,339,339x112
P78330,225,225x112
P78344,907,907x112
P78345,283,283x112
P78346,268,268x112
P78347,998,998x112
P78371,535,535x112
P78406,368,368x112
P78417,241,241x112
P80217,286,286x112
P80723,227,227x112
P81274,684,684x112
P82094,1093,1093x112
P82650,360,360x112
P82663,173,173x112
P82673,323,323x112
P82675,430,430x112
P82914,257,257x112
P82933,396,396x112
P82970,282,282x112
P82979,210,210x112
P83111,547,547x112
P83436,770,770x112
P83731,157,157x112
P83881,106,106x112
P84090,104,104x112
P84098,196,196x112
P98082,770,770x112
P98170,497,497x112
P98173,230,230x112
P98175,930,930x112
P98194,919,919x112
P99999,105,105x112
Q00059,246,246x112
Q00325,362,362x112
Q00341,1268,1268x112
Q00403,316,316x112
Q00534,326,326x112
Q00537,523,523x112
Q00577,322,322x112
Q00610,1675,1675x112
Q00653,900,900x112
Q00688,224,224x112
Q00765,189,189x112
Q00796,357,357x112
Q01081,240,240x112
Q01105,290,290x112
Q01469,135,135x112
Q01581,520,520x112
Q01650,507,507x112
Q01780,885,885x112
Q01804,1114,1114x112
Q01813,784,784x112
Q01814,1243,1243x112
Q01831,940,940x112
Q01844,656,656x112
Q01970,1234,1234x112
Q02040,695,695x112
Q02127,395,395x112
Q02218,1023,1023x112
Q02241,960,960x112
Q02252,535,535x112
Q02446,784,784x112
Q02543,176,176x112
Q02790,459,459x112
Q02818,461,461x112
Q02878,288,288x112
Q02880,1626,1626x112
Q03135,178,178x112
Q03154,408,408x112
Q03426,396,396x112
Q03468,1493,1493x112
Q03519,686,686x112
Q03701,1054,1054x112
Q04323,297,297x112
Q04446,702,702x112
Q04637,1599,1599x112
Q04721,2471,2471x112
Q04727,773,773x112
Q04760,184,184x112
Q04837,148,148x112
Q04864,619,619x112
Q05086,875,875x112
Q05209,780,780x112
Q05397,1052,1052x112
Q05519,484,484x112
Q05639,463,463x112
Q05655,676,676x112
Q05682,793,793x112
Q06124,593,593x112
Q06136,332,332x112
Q06203,517,517x112
Q06210,699,699x112
Q06265,439,439x112
Q06481,763,763x112
Q06546,454,454x112
Q06547,395,395x112
Q06587,406,406x112
Q06609,339,339x112
Q07020,188,188x112
Q07021,282,282x112
Q07065,602,602x112
Q07157,1748,1748x112
Q07666,443,443x112
Q07864,2286,2286x112
Q07960,439,439x112
Q08170,494,494x112
Q08211,1270,1270x112
Q08257,329,329x112
Q08378,1498,1498x112
Q08379,1002,1002x112
Q08623,228,228x112
Q08752,370,370x112
Q08945,709,709x112
Q08AM6,782,782x112
Q08J23,767,767x112
Q09028,425,425x112
Q09161,790,790x112
Q0IIM8,1120,1120x112
Q0JRZ9,810,810x112
Q0PNE2,266,266x112
Q0VDF9,509,509x112
Q0VDG4,424,424x112
Q10471,571,571x112
Q10567,949,949x112
Q10570,1443,1443x112
Q10713,525,525x112
Q12768,1159,1159x112
Q12769,1436,1436x112
Q12788,808,808x112
Q12789,2109,2109x112
Q12792,350,350x112
Q12797,758,758x112
Q12816,1431,1431x112
Q12834,499,499x112
Q12840,1032,1032x112
Q12846,297,297x112
Q12849,480,480x112
Q12873,2000,2000x112
Q12874,501,501x112
Q12888,1972,1972x112
Q12904,312,312x112
Q12905,390,390x112
Q12906,894,894x112
Q12907,356,356x112
Q12926,359,359x112
Q12929,822,822x112
Q12931,704,704x112
Q12933,501,501x112
Q12959,904,904x112
Q12965,1108,1108x112
Q12972,351,351x112
Q12979,859,859x112
Q12996,717,717x112
Q13011,328,328x112
Q13017,1502,1502x112
Q13033,797,797x112
Q13042,620,620x112
Q13045,1269,1269x112
Q13049,653,653x112
Q13057,564,564x112
Q13084,256,256x112
Q13098,491,491x112
Q13123,557,557x112
Q13126,283,283x112
Q13131,559,559x112
Q13137,446,446x112
Q13144,721,721x112
Q13148,414,414x112
Q13155,320,320x112
Q13158,208,208x112
Q13162,271,271x112
Q13177,524,524x112
Q13188,491,491x112
Q13191,982,982x112
Q13200,908,908x112
Q13206,875,875x112
Q13217,504,504x112
Q13227,327,327x112
Q13228,472,472x112
Q13242,221,221x112
Q13263,835,835x112
Q13287,307,307x112
Q13310,644,644x112
Q13325,482,482x112
Q13347,325,325x112
Q13356,520,520x112
Q13371,301,301x112
Q13395,1621,1621x112
Q13405,166,166x112
Q13409,638,638x112
Q13416,577,577x112
Q13418,452,452x112
Q13423,1086,1086x112
Q13428,1488,1488x112
Q13435,895,895x112
Q13439,2230,2230x112
Q13442,181,181x112
Q13459,2157,2157x112
Q13472,1001,1001x112
Q13485,552,552x112
Q13490,618,618x112
Q13492,652,652x112
Q13501,440,440x112
Q13523,1007,1007x112
Q13526,163,163x112
Q13535,2644,2644x112
Q13554,666,666x112
Q13561,401,401x112
Q13564,534,534x112
Q13569,410,410x112
Q13573,536,536x112
Q13586,685,685x112
Q13595,282,282x112
Q13596,522,522x112
Q13601,381,381x112
Q13610,501,501x112
Q13613,665,665x112
Q13616,776,776x112
Q13617,745,745x112
Q13618,768,768x112
Q13620,913,913x112
Q13630,321,321x112
Q13637,225,225x112
Q13642,323,323x112
Q13724,837,837x112
Q13733,1029,1029x112
Q13740,583,583x112
Q13813,2472,2472x112
Q13823,731,731x112
Q13838,428,428x112
Q13867,455,455x112
Q13895,437,437x112
Q13901,141,141x112
Q13907,227,227x112
Q13952,458,458x112
Q14004,1512,1512x112
Q14008,2032,2032x112
Q14019,142,142x112
Q14061,63,63x112
Q14108,478,478x112
Q14116,193,193x112
Q14118,895,895x112
Q14119,521,521x112
Q14126,1118,1118x112
Q14134,588,588x112
Q14135,290,290x112
Q14139,1066,1066x112
Q14146,1524,1524x112
Q14151,953,953x112
Q14152,1382,1382x112
Q14155,803,803x112
Q14160,1655,1655x112
Q14181,598,598x112
Q14197,206,206x112
Q14203,1278,1278x112
Q14232,305,305x112
Q14244,749,749x112
Q14247,550,550x112
Q14254,428,428x112
Q14257,317,317x112
Q14258,630,630x112
Q14318,412,412x112
Q14320,339,339x112
Q14376,348,348x112
Q14444,709,709x112
Q14498,530,530x112
Q14527,1009,1009x112
Q14534,574,574x112
Q14554,519,519x112
Q14562,1220,1220x112
Q14566,821,821x112
Q14642,412,412x112
Q14653,427,427x112
Q14657,143,143x112
Q14671,1186,1186x112
Q14677,625,625x112
Q14683,1233,1233x112
Q14684,758,758x112
Q14690,1871,1871x112
Q14692,1282,1282x112
Q14694,798,798x112
Q14697,944,944x112
Q14714,243,243x112
Q14738,602,602x112
Q14739,615,615x112
Q14764,893,893x112
Q14807,665,665x112
Q14847,261,261x112
Q14914,329,329x112
Q14919,205,205x112
Q14966,1978,1978x112
Q14974,876,876x112
Q14978,699,699x112
Q14980,2115,2115x112
Q14BN4,828,828x112
Q14C86,1478,1478x112
Q14CX7,972,972x112
Q15003,741,741x112
Q15004,111,111x112
Q15005,226,226x112
Q15007,396,396x112
Q15008,389,389x112
Q15018,415,415x112
Q15020,963,963x112
Q15021,1401,1401x112
Q15029,972,972x112
Q15031,903,903x112
Q15036,470,470x112
Q15041,203,203x112
Q15042,981,981x112
Q15046,597,597x112
Q15050,365,365x112
Q15054,466,466x112
Q15056,248,248x112
Q15057,778,778x112
Q15058,1648,1648x112
Q15061,677,677x112
Q15067,660,660x112
Q15070,435,435x112
Q15075,1411,1411x112
Q15084,440,440x112
Q15121,130,130x112
Q15125,230,230x112
Q15126,192,192x112
Q15154,2024,2024x112
Q15165,354,354x112
Q15185,160,160x112
Q15208,465,465x112
Q15257,358,358x112
Q15269,919,919x112
Q15274,297,297x112
Q15276,862,862x112
Q15287,305,305x112
Q15293,331,331x112
Q15311,655,655x112
Q15345,812,812x112
Q15361,905,905x112
Q15363,201,201x112
Q15369,112,112x112
Q15370,118,118x112
Q15382,184,184x112
Q15388,145,145x112
Q15392,516,516x112
Q15393,1217,1217x112
Q15397,648,648x112
Q15404,277,277x112
Q15417,329,329x112
Q15427,424,424x112
Q15428,464,464x112
Q15435,360,360x112
Q15437,767,767x112
Q15459,793,793x112
Q15528,200,200x112
Q15545,349,349x112
Q15555,327,327x112
Q15629,374,374x112
Q15631,228,228x112
Q15637,639,639x112
Q15643,1979,1979x112
Q15649,155,155x112
Q15650,581,581x112
Q15652,2540,2540x112
Q15653,356,356x112
Q15714,1073,1073x112
Q15738,373,373x112
Q15758,541,541x112
Q15785,309,309x112
Q15796,467,467x112
Q15800,293,293x112
Q15813,527,527x112
Q15818,432,432x112
Q15942,572,572x112
Q16134,617,617x112
Q16186,407,407x112
Q16204,474,474x112
Q16222,522,522x112
Q16352,499,499x112
Q16401,504,504x112
Q16512,942,942x112
Q16513,984,984x112
Q16514,161,161x112
Q16531,1140,1140x112
Q16543,378,378x112
Q16555,572,572x112
Q16630,551,551x112
Q16637,294,294x112
Q16643,649,649x112
Q16644,382,382x112
Q16658,493,493x112
Q16666,785,785x112
Q16718,116,116x112
Q16795,377,377x112
Q16798,604,604x112
Q16822,640,640x112
Q16836,314,314x112
Q16851,508,508x112
Q16891,758,758x112
Q17R31,274,274x112
Q1ED39,458,458x112
Q1KMD3,747,747x112
Q27J81,1249,1249x112
Q2KHR3,1735,1735x112
Q2M389,1173,1173x112
Q2NKX8,1250,1250x112
Q2NL82,804,804x112
Q2TAL8,776,776x112
Q2TAY7,513,513x112
Q2TBE0,894,894x112
Q2VIQ3,1234,1234x112
Q2VPK5,515,515x112
Q32MZ4,808,808x112
Q32P28,736,736x112
Q3KRA6,126,126x112
Q3LXA3,575,575x112
Q3MHD2,195,195x112
Q3SXM5,330,330x112
Q3ZCQ8,353,353x112
Q49A26,553,553x112
Q4G0J3,582,582x112
Q4G148,440,440x112
Q4J6C6,727,727x112
Q4KMQ2,910,910x112
Q4U2R6,128,128x112
Q4V328,841,841x112
Q4VC31,144,144x112
Q4ZIN3,620,620x112
Q52LJ0,433,433x112
Q53EL6,469,469x112
Q53EZ4,464,464x112
Q53F19,620,620x112
Q53FV1,153,153x112
Q53GQ0,312,312x112
Q53GS7,698,698x112
Q53GS9,565,565x112
Q53H12,422,422x112
Q53H82,288,288x112
Q53S33,107,107x112
Q567U6,631,631x112
Q56P03,285,285x112
Q56UN5,1328,1328x112
Q56VL3,154,154x112
Q58FF6,505,505x112
Q58FF7,597,597x112
Q58FF8,381,381x112
Q58FG1,418,418x112
Q5BJD5,291,291x112
Q5BJF2,176,176x112
Q5BJF6,829,829x112
Q5BKT4,473,473x112
Q5BKZ1,582,582x112
Q5F1R6,531,531x112
Q5GLZ8,1057,1057x112
Q5H9R7,873,873x112
Q5HYI8,236,236x112
Q5JPE7,1267,1267x112
Q5JPH6,523,523x112
Q5JRA6,1907,1907x112
Q5JRX3,1037,1037x112
Q5JSH3,913,913x112
Q5JTH9,1297,1297x112
Q5JTV8,583,583x112
Q5JTZ9,985,985x112
Q5JU85,1488,1488x112
Q5JUR7,227,227x112
Q5JVF3,399,399x112
Q5JWF2,1037,1037x112
Q5M775,1068,1068x112
Q5MIZ7,849,849x112
Q5MNZ6,344,344x112
Q5NE16,218,218x112
Q5PSV4,323,323x112
Q5QJE6,756,756x112
Q5R3I4,469,469x112
Q5SRE5,1749,1749x112
Q5SSJ5,553,553x112
Q5SW79,1584,1584x112
Q5SY16,702,702x112
Q5T1C6,240,240x112
Q5T1M5,1219,1219x112
Q5T200,1668,1668x112
Q5T280,376,376x112
Q5T2W1,519,519x112
Q5T3I0,446,446x112
Q5T3J3,769,769x112
Q5T447,861,861x112
Q5T5Y3,1602,1602x112
Q5T653,305,305x112
Q5T655,872,872x112
Q5T6F2,1119,1119x112
Q5T6V5,341,341x112
Q5T8P6,1007,1007x112
Q5T9A4,648,648x112
Q5T9L3,541,541x112
Q5T9S5,1454,1454x112
Q5TA50,214,214x112
Q5TBB1,312,312x112
Q5TC12,328,328x112
Q5TFE4,455,455x112
Q5TKA1,542,542x112
Q5TZA2,2017,2017x112
Q5U3C3,297,297x112
Q5UIP0,2472,2472x112
Q5VIR6,832,832x112
Q5VSL9,837,837x112
Q5VT25,1732,1732x112
Q5VT52,1461,1461x112
Q5VT66,337,337x112
Q5VTB9,566,566x112
Q5VTL8,546,546x112
Q5VU43,2346,2346x112
Q5VUA4,2279,2279x112
Q5VV42,579,579x112
Q5VW32,411,411x112
Q5VW36,1801,1801x112
Q5VW38,600,600x112
Q5VWI1,586,586x112
Q5VWJ9,437,437x112
Q5VWQ8,1189,1189x112
Q5VYK3,1845,1845x112
Q5VYS8,1495,1495x112
Q5VZK9,1371,1371x112
Q5VZL5,1548,1548x112
Q5VZM2,374,374x112
Q5W0B1,726,726x112
Q5W0V3,765,765x112
Q5W0Z9,365,365x112
Q5W111,196,196x112
Q5XKP0,118,118x112
Q641Q2,1341,1341x112
Q658P3,488,488x112
Q66K14,1250,1250x112
Q66LE6,453,453x112
Q676U5,607,607x112
Q68CP9,1835,1835x112
Q68CZ6,603,603x112
Q68E01,1043,1043x112
Q68EM7,881,881x112
Q69YN4,1812,1812x112
Q69YQ0,1117,1117x112
Q6AHZ1,1483,1483x112
Q6BDS2,1440,1440x112
Q6DN03,193,193x112
Q6DT37,1551,1551x112
Q6FI81,312,312x112
Q6GMV2,418,418x112
Q6I9Y2,204,204x112
Q6IA69,706,706x112
Q6IA86,826,826x112
Q6IQ23,1121,1121x112
Q6MZM0,1159,1159x112
Q6NUK1,477,477x112
Q6NUM9,610,610x112
Q6NUQ1,792,792x112
Q6NUQ4,689,689x112
Q6NVY1,386,386x112
Q6NXE6,501,501x112
Q6NXR4,508,508x112
Q6NYC1,403,403x112
Q6NZI2,390,390x112
Q6P1J9,531,531x112
Q6P1M0,643,643x112
Q6P1N0,951,951x112
Q6P1N9,297,297x112
Q6P1Q9,378,378x112
Q6P2C8,311,311x112
Q6P2E9,1401,1401x112
Q6P2H3,762,762x112
Q6P2Q9,2335,2335x112
Q6P3W7,929,929x112
Q6P3X3,843,843x112
Q6P4E1,436,436x112
Q6P6C2,394,394x112
Q6P996,788,788x112
Q6PCB5,846,846x112
Q6PD62,1173,1173x112
Q6PD74,315,315x112
Q6PGP7,1564,1564x112
Q6PH85,259,259x112
Q6PI48,645,645x112
Q6PID6,262,262x112
Q6PII3,467,467x112
Q6PIU2,408,408x112
Q6PJ69,517,517x112
Q6PJT7,736,736x112
Q6PKG0,1096,1096x112
Q6PL18,1390,1390x112
Q6Q0C0,670,670x112
Q6Q6R5,217,217x112
Q6QNY1,142,142x112
Q6R327,1708,1708x112
Q6S8J3,1075,1075x112
Q6SJ93,734,734x112
Q6UB35,978,978x112
Q6UN15,594,594x112
Q6UVJ0,657,657x112
Q6UWE0,723,723x112
Q6UX04,472,472x112
Q6UXN9,313,313x112
Q6VMQ6,1270,1270x112
Q6VY07,963,963x112
Q6WCQ1,1025,1025x112
Q6WKZ4,1283,1283x112
Q6Y1H2,254,254x112
Q6Y7W6,1299,1299x112
Q6YN16,418,418x112
Q6YP21,454,454x112
Q6ZRP7,698,698x112
Q6ZT77,177,177x112
Q6ZWJ1,553,553x112
Q6ZXV5,915,915x112
Q70E73,1250,1250x112
Q70HW3,274,274x112
Q70J99,1090,1090x112
Q70UQ0,350,350x112
Q70Z53,315,315x112
Q712K3,238,238x112
Q71H61,639,639x112
Q71RC2,724,724x112
Q71U36,451,451x112
Q7KYR7,527,527x112
Q7KZ85,1726,1726x112
Q7KZF4,910,910x112
Q7KZI7,788,788x112
Q7KZN9,410,410x112
Q7L014,1031,1031x112
Q7L0Y3,403,403x112
Q7L1Q6,419,419x112
Q7L2E3,1194,1194x112
Q7L2H7,374,374x112
Q7L3B6,337,337x112
Q7L4I2,434,434x112
Q7L592,441,441x112
Q7L5D6,327,327x112
Q7L5N1,327,327x112
Q7L5Y9,396,396x112
Q7L7X3,1001,1001x112
Q7LBC6,1761,1761x112
Q7LBR1,199,199x112
Q7RTV0,110,110x112
Q7Z2K6,904,904x112
Q7Z2T5,733,733x112
Q7Z2W4,902,902x112
Q7Z2W9,205,205x112
Q7Z2Z2,1120,1120x112
Q7Z392,1133,1133x112
Q7Z3B4,507,507x112
Q7Z3E2,898,898x112
Q7Z3K3,1410,1410x112
Q7Z3U7,1717,1717x112
Q7Z406,1995,1995x112
Q7Z417,695,695x112
Q7Z460,1538,1538x112
Q7Z478,1369,1369x112
Q7Z4G1,85,85x112
Q7Z4G4,463,463x112
Q7Z4H7,955,955x112
Q7Z4H8,507,507x112
Q7Z4I7,341,341x112
Q7Z4J2,276,276x112
Q7Z4Q2,680,680x112
Q7Z4S6,1674,1674x112
Q7Z4V5,671,671x112
Q7Z569,592,592x112
Q7Z5K2,1190,1190x112
Q7Z6B0,441,441x112
Q7Z6B7,1085,1085x112
Q7Z6E9,1792,1792x112
Q7Z6M1,372,372x112
Q7Z739,585,585x112
Q7Z7A1,2325,2325x112
Q7Z7E8,422,422x112
Q7Z7K0,106,106x112
Q7Z7K6,275,275x112
Q86SF2,657,657x112
Q86TB9,770,770x112
Q86TI0,1168,1168x112
Q86TI2,863,863x112
Q86TU7,594,594x112
Q86U42,306,306x112
Q86U44,580,580x112
Q86UD0,394,394x112
Q86UE4,582,582x112
Q86UE8,772,772x112
Q86UK7,904,904x112
Q86UP2,1357,1357x112
Q86UT8,332,332x112
Q86V21,672,672x112
Q86V48,1076,1076x112
Q86V81,257,257x112
Q86VM9,953,953x112
Q86VN1,386,386x112
Q86VP1,789,789x112
Q86VU5,262,262x112
Q86VZ5,413,413x112
Q86W50,562,562x112
Q86W92,1011,1011x112
Q86WA8,852,852x112
Q86WB0,502,502x112
Q86WJ1,897,897x112
Q86WR0,208,208x112
Q86WZ6,799,799x112
Q86X10,1494,1494x112
Q86X27,583,583x112
Q86X55,608,608x112
Q86XA9,2040,2040x112
Q86XI2,1143,1143x112
Q86XP3,938,938x112
Q86Y37,369,369x112
Q86Y56,855,855x112
Q86YP4,633,633x112
Q8IU85,385,385x112
Q8IUC4,686,686x112
Q8IUD2,1116,1116x112
Q8IUD6,432,432x112
Q8IUF8,465,465x112
Q8IV38,441,441x112
Q8IV48,349,349x112
Q8IVF6,992,992x112
Q8IVI9,506,506x112
Q8IVM0,306,306x112
Q8IVP5,155,155x112
Q8IVT2,679,679x112
Q8IW35,865,865x112
Q8IWA0,830,830x112
Q8IWB7,410,410x112
Q8IWB9,1127,1127x112
Q8IWC1,876,876x112
Q8IWE2,563,563x112
Q8IWJ2,1684,1684x112
Q8IWL3,235,235x112
Q8IWS0,365,365x112
Q8IWV7,1749,1749x112
Q8IWX8,916,916x112
Q8IX01,1082,1082x112
Q8IX03,1113,1113x112
Q8IX12,1150,1150x112
Q8IXB1,793,793x112
Q8IXH7,590,590x112
Q8IXI1,618,618x112
Q8IXJ6,389,389x112
Q8IXM3,137,137x112
Q8IXT5,1001,1001x112
Q8IY18,1101,1101x112
Q8IY37,1157,1157x112
Q8IY63,956,956x112
Q8IY81,847,847x112
Q8IYB3,904,904x112
Q8IYB8,786,786x112
Q8IYD1,628,628x112
Q8IYE0,955,955x112
Q8IYH5,903,903x112
Q8IYI6,725,725x112
Q8IYU8,434,434x112
Q8IYY4,767,767x112
Q8IZ21,702,702x112
Q8IZH2,1706,1706x112
Q8IZL8,1130,1130x112
Q8N0X7,666,666x112
Q8N163,923,923x112
Q8N183,169,169x112
Q8N1F7,819,819x112
Q8N1G2,835,835x112
Q8N1G4,583,583x112
Q8N1W1,1705,1705x112
Q8N201,2190,2190x112
Q8N283,1001,1001x112
Q8N2F6,343,343x112
Q8N2M8,674,674x112
Q8N3C0,2202,2202x112
Q8N3D4,1523,1523x112
Q8N3X1,1017,1017x112
Q8N431,466,466x112
Q8N4H5,51,51x112
Q8N4P3,179,179x112
Q8N4T8,237,237x112
Q8N4V1,131,131x112
Q8N539,461,461x112
Q8N543,542,542x112
Q8N5D0,677,677x112
Q8N5I9,185,185x112
Q8N5K1,135,135x112
Q8N5M4,171,171x112
Q8N5N7,158,158x112
Q8N684,471,471x112
Q8N6G6,1762,1762x112
Q8N6M0,293,293x112
Q8N6M3,262,262x112
Q8N6R0,699,699x112
Q8N6T3,406,406x112
Q8N6T7,355,355x112
Q8N6V9,391,391x112
Q8N7H5,531,531x112
Q8N806,425,425x112
Q8N884,522,522x112
Q8N8S7,591,591x112
Q8N983,215,215x112
Q8N999,325,325x112
Q8NA47,563,563x112
Q8NA72,575,575x112
Q8NAV1,312,312x112
Q8NB16,471,471x112
Q8NBF2,726,726x112
Q8NBI5,491,491x112
Q8NBJ4,401,401x112
Q8NBJ5,622,622x112
Q8NBJ9,832,832x112
Q8NBN3,555,555x112
Q8NBN7,331,331x112
Q8NBQ5,300,300x112
Q8NBS9,432,432x112
Q8NBU5,361,361x112
Q8NC51,408,408x112
Q8NC60,698,698x112
Q8NCG7,672,672x112
Q8NCH0,376,376x112
Q8NCM2,988,988x112
Q8ND24,703,703x112
Q8ND56,463,463x112
Q8ND76,341,341x112
Q8NDD1,293,293x112
Q8NDF8,572,572x112
Q8NDI1,1231,1231x112
Q8NDT2,890,890x112
Q8NE71,845,845x112
Q8NE86,351,351x112
Q8NEJ9,315,315x112
Q8NEM0,835,835x112
Q8NEM2,672,672x112
Q8NEN9,1154,1154x112
Q8NEY8,458,458x112
Q8NEZ5,403,403x112
Q8NF37,534,534x112
Q8NFH3,380,380x112
Q8NFH4,326,326x112
Q8NFJ5,357,357x112
Q8NFQ8,470,470x112
Q8NFW8,434,434x112
Q8NFX7,210,210x112
Q8NG31,2342,2342x112
Q8NHH9,583,583x112
Q8NHP6,518,518x112
Q8NHQ9,600,600x112
Q8NHU6,1098,1098x112
Q8NHV4,660,660x112
Q8NI22,146,146x112
Q8NI27,1593,1593x112
Q8NI35,1801,1801x112
Q8TAA3,256,256x112
Q8TAA9,524,524x112
Q8TAD4,765,765x112
Q8TAE8,222,222x112
Q8TAF3,677,677x112
Q8TAQ2,1214,1214x112
Q8TAT6,608,608x112
Q8TB36,358,358x112
Q8TBA6,731,731x112
Q8TBF4,217,217x112
Q8TBN0,382,382x112
Q8TBX8,421,421x112
Q8TC07,691,691x112
Q8TCD5,201,201x112
Q8TCF1,268,268x112
Q8TCG1,905,905x112
Q8TCJ2,826,826x112
Q8TCS8,783,783x112
Q8TCT9,377,377x112
Q8TCY9,931,931x112
Q8TDB6,740,740x112
Q8TDD1,881,881x112
Q8TDM6,1919,1919x112
Q8TDN6,353,353x112
Q8TE67,593,593x112
Q8TEA1,469,469x112
Q8TED0,518,518x112
Q8TED1,209,209x112
Q8TEM1,1887,1887x112
Q8TEQ6,1508,1508x112
Q8TEW8,1205,1205x112
Q8TEY7,942,942x112
Q8TF05,950,950x112
Q8TF42,649,649x112
Q8TF46,1054,1054x112
Q8WTS6,366,366x112
Q8WTT2,800,800x112
Q8WU10,500,500x112
Q8WU90,426,426x112
Q8WUA2,492,492x112
Q8WUD4,166,166x112
Q8WUE5,264,264x112
Q8WUF5,828,828x112
Q8WUM0,1156,1156x112
Q8WUM4,868,868x112
Q8WUX2,184,184x112
Q8WV22,266,266x112
Q8WVD5,230,230x112
Q8WVJ2,157,157x112
Q8WVK2,155,155x112
Q8WVM0,346,346x112
Q8WVM7,1258,1258x112
Q8WVV9,542,542x112
Q8WVX9,515,515x112
Q8WVY7,318,318x112
Q8WWC4,291,291x112
Q8WWI1,1683,1683x112
Q8WWM7,1075,1075x112
Q8WWV3,396,396x112
Q8WWY3,499,499x112
Q8WX92,580,580x112
Q8WX93,1383,1383x112
Q8WXD5,167,167x112
Q8WXE0,1202,1202x112
Q8WXE1,791,791x112
Q8WXI9,593,593x112
Q8WXW3,757,757x112
Q8WXX5,260,260x112
Q8WY22,251,251x112
Q8WYA6,563,563x112
Q8WYP5,2266,2266x112
Q8WZ82,227,227x112
Q8WZ92,322,322x112
Q8WZA0,190,190x112
Q92481,460,460x112
Q92499,740,740x112
Q92504,469,469x112
Q92522,213,213x112
Q92530,271,271x112
Q92535,297,297x112
Q92538,1860,1860x112
Q92541,710,710x112
Q92542,709,709x112
Q92547,1522,1522x112
Q92552,414,414x112
Q92574,1164,1164x112
Q92575,508,508x112
Q92576,2039,2039x112
Q92598,858,858x112
Q92604,370,370x112
Q92614,2054,2054x112
Q92616,2671,2671x112
Q92620,1227,1227x112
Q92621,2012,2012x112
Q92643,395,395x112
Q92665,395,395x112
Q92667,903,903x112
Q92688,251,251x112
Q92733,491,491x112
Q92734,400,400x112
Q92769,488,488x112
Q92783,540,540x112
Q92793,2442,2442x112
Q92797,1274,1274x112
Q92804,592,592x112
Q92805,767,767x112
Q92817,2033,2033x112
Q92820,318,318x112
Q92841,729,729x112
Q92845,792,792x112
Q92878,1312,1312x112
Q92888,912,912x112
Q92889,916,916x112
Q92890,307,307x112
Q92896,1179,1179x112
Q92900,1129,1129x112
Q92901,407,407x112
Q92905,334,334x112
Q92917,476,476x112
Q92945,711,711x112
Q92973,898,898x112
Q92974,986,986x112
Q93009,1102,1102x112
Q93034,780,780x112
Q93045,179,179x112
Q93050,837,837x112
Q93052,612,612x112
Q93100,1093,1093x112
Q969F1,213,213x112
Q969G3,411,411x112
Q969G6,155,155x112
Q969H8,173,173x112
Q969Q4,196,196x112
Q969S3,477,477x112
Q969U7,264,264x112
Q969V3,563,563x112
Q969V5,352,352x112
Q969X5,290,290x112
Q969X6,686,686x112
Q969Z0,631,631x112
Q96A26,154,154x112
Q96A33,483,483x112
Q96A35,216,216x112
Q96A49,352,352x112
Q96A72,148,148x112
Q96AC1,680,680x112
Q96AG4,307,307x112
Q96AJ9,217,217x112
Q96AQ8,359,359x112
Q96AT1,154,154x112
Q96AY3,582,582x112
Q96AY4,2481,2481x112
Q96B26,276,276x112
Q96B97,665,665x112
Q96BD8,255,255x112
Q96BJ3,306,306x112
Q96BM9,186,186x112
Q96BN2,335,335x112
Q96BN8,352,352x112
Q96BP3,646,646x112
Q96BR5,231,231x112
Q96C01,138,138x112
Q96C19,240,240x112
Q96C36,320,320x112
Q96C57,262,262x112
Q96C86,337,337x112
Q96CS3,445,445x112
Q96CT7,223,223x112
Q96CV9,577,577x112
Q96CW1,435,435x112
Q96CW5,907,907x112
Q96D46,503,503x112
Q96D71,796,796x112
Q96DB5,314,314x112
Q96DG6,245,245x112
Q96DI7,357,357x112
Q96DV4,380,380x112
Q96DX7,344,344x112
Q96DZ1,483,483x112
Q96E11,262,262x112
Q96E29,417,417x112
Q96EA4,605,605x112
Q96EB6,747,747x112
Q96EC8,236,236x112
Q96EE3,360,360x112
Q96EK5,621,621x112
Q96EK6,184,184x112
Q96EL3,112,112x112
Q96EP5,407,407x112
Q96ER9,411,411x112
Q96ES7,293,293x112
Q96EX1,92,92x112
Q96EY1,480,480x112
Q96EY4,203,203x112
Q96EY7,689,689x112
Q96EY8,250,250x112
Q96F07,1278,1278x112
Q96F10,170,170x112
Q96F24,287,287x112
Q96F44,468,468x112
Q96F86,508,508x112
Q96FQ6,103,103x112
Q96FV9,657,657x112
Q96FW1,271,271x112
Q96FZ2,354,354x112
Q96G01,975,975x112
Q96G03,612,612x112
Q96G23,380,380x112
Q96G25,268,268x112
Q96G46,650,650x112
Q96G74,571,571x112
Q96G75,393,393x112
Q96GA3,475,475x112
Q96GC5,212,212x112
Q96GM5,515,515x112
Q96GT9,111,111x112
Q96HA1,1249,1249x112
Q96HC4,596,596x112
Q96HH6,336,336x112
Q96HN2,611,611x112
Q96HS1,289,289x112
Q96HY6,314,314x112
Q96HY7,919,919x112
Q96I25,401,401x112
Q96I59,477,477x112
Q96II8,777,777x112
Q96IJ6,420,420x112
Q96IX5,58,58x112
Q96IZ0,340,340x112
Q96J01,351,351x112
Q96J02,903,903x112
Q96JB2,828,828x112
Q96JB5,506,506x112
Q96JG6,964,964x112
Q96JJ7,454,454x112
Q96JY6,352,352x112
Q96K76,1375,1375x112
Q96KB5,322,322x112
Q96KG9,808,808x112
Q96KM6,892,892x112
Q96KN7,1286,1286x112
Q96KP1,924,924x112
Q96KP4,475,475x112
Q96KQ4,1090,1090x112
Q96KQ7,1210,1210x112
Q96KR1,1074,1074x112
Q96L92,541,541x112
Q96LA8,375,375x112
Q96M27,445,445x112
Q96M83,1385,1385x112
Q96M96,766,766x112
Q96ME1,718,718x112
Q96ME7,567,567x112
Q96MU7,727,727x112
Q96MW1,224,224x112
Q96NB3,372,372x112
Q96NC0,199,199x112
Q96ND0,272,272x112
Q96P11,429,429x112
Q96P48,1450,1450x112
Q96P70,1041,1041x112
Q96PC5,1412,1412x112
Q96PK6,669,669x112
Q96PU4,802,802x112
Q96PU8,341,341x112
Q96PZ0,661,661x112
Q96Q11,434,434x112
Q96Q83,286,286x112
Q96QC0,940,940x112
Q96QD5,511,511x112
Q96QD8,506,506x112
Q96QE5,360,360x112
Q96QK1,796,796x112
Q96QU8,1125,1125x112
Q96R06,1193,1193x112
Q96RN5,788,788x112
Q96RP9,751,751x112
Q96RQ1,377,377x112
Q96RT7,1819,1819x112
Q96RU2,1077,1077x112
Q96RU3,617,617x112
Q96RY7,1462,1462x112
Q96S52,555,555x112
Q96S55,665,665x112
Q96S66,551,551x112
Q96SB4,655,655x112
Q96SB8,1091,1091x112
Q96SK2,561,561x112
Q96SN8,1893,1893x112
Q96ST2,819,819x112
Q96ST3,1273,1273x112
Q96SU4,736,736x112
Q96SZ6,601,601x112
Q96T17,732,732x112
Q96T23,1441,1441x112
Q96T37,977,977x112
Q96T51,708,708x112
Q96T76,1030,1030x112
Q96TA1,746,746x112
Q96TA2,773,773x112
Q96TC7,470,470x112
Q99417,103,103x112
Q99426,244,244x112
Q99436,277,277x112
Q99442,399,399x112
Q99447,389,389x112
Q99459,802,802x112
Q99460,953,953x112
Q99471,154,154x112
Q99497,189,189x112
Q99536,393,393x112
Q99541,437,437x112
Q99543,621,621x112
Q99567,741,741x112
Q99575,1024,1024x112
Q99584,98,98x112
Q99590,1463,1463x112
Q99598,290,290x112
Q99614,292,292x112
Q99615,494,494x112
Q99623,299,299x112
Q99633,342,342x112
Q99653,195,195x112
Q99685,303,303x112
Q99700,1313,1313x112
Q99707,1265,1265x112
Q99714,261,261x112
Q99747,312,312x112
Q99757,166,166x112
Q99784,485,485x112
Q99798,780,780x112
Q99805,663,663x112
Q99808,456,456x112
Q99832,543,543x112
Q99848,306,306x112
Q99933,345,345x112
Q99961,368,368x112
Q99986,396,396x112
Q9BPX3,1015,1015x112
Q9BPX5,153,153x112
Q9BPX6,476,476x112
Q9BPY3,351,351x112
Q9BQ15,211,211x112
Q9BQ52,826,826x112
Q9BQ61,176,176x112
Q9BQ69,325,325x112
Q9BQ75,279,279x112
Q9BQE5,337,337x112
Q9BQG0,1328,1328x112
Q9BQG2,462,462x112
Q9BQP7,344,344x112
Q9BR61,282,282x112
Q9BR76,489,489x112
Q9BRJ2,306,306x112
Q9BRK5,362,362x112
Q9BRL6,282,282x112
Q9BRP8,204,204x112
Q9BRQ8,373,373x112
Q9BRS2,568,568x112
Q9BRT6,129,129x112
Q9BRU9,249,249x112
Q9BRX2,385,385x112
Q9BRX5,216,216x112
Q9BRX8,229,229x112
Q9BRY0,314,314x112
Q9BS16,269,269x112
Q9BS26,406,406x112
Q9BSC4,688,688x112
Q9BSH4,297,297x112
Q9BSJ2,902,902x112
Q9BSJ8,1104,1104x112
Q9BSM1,259,259x112
Q9BSR8,244,244x112
Q9BT73,122,122x112
Q9BT78,406,406x112
Q9BTC0,2240,2240x112
Q9BTE3,642,642x112
Q9BTT4,135,135x112
Q9BTU6,479,479x112
Q9BTV4,400,400x112
Q9BTW9,1192,1192x112
Q9BUJ2,856,856x112
Q9BUK6,570,570x112
Q9BUL8,212,212x112
Q9BUP3,242,242x112
Q9BUQ8,820,820x112
Q9BUT1,245,245x112
Q9BV20,369,369x112
Q9BV38,432,432x112
Q9BV40,100,100x112
Q9BV57,179,179x112
Q9BV81,110,110x112
Q9BVC6,243,243x112
Q9BVI4,516,516x112
Q9BVJ6,771,771x112
Q9BVK2,526,526x112
Q9BVK6,235,235x112
Q9BVL2,599,599x112
Q9BVP2,549,549x112
Q9BW27,656,656x112
Q9BW71,556,556x112
Q9BW72,106,106x112
Q9BW83,186,186x112
Q9BW85,323,323x112
Q9BW91,350,350x112
Q9BWF3,364,364x112
Q9BWS9,393,393x112
Q9BWW8,343,343x112
Q9BXB4,747,747x112
Q9BXJ9,866,866x112
Q9BXL6,1004,1004x112
Q9BXP5,876,876x112
Q9BXS5,423,423x112
Q9BXS6,441,441x112
Q9BXS9,759,759x112
Q9BXW6,950,950x112
Q9BXW7,423,423x112
Q9BXW9,1451,1451x112
Q9BXY0,300,300x112
Q9BY08,206,206x112
Q9BY32,194,194x112
Q9BY42,306,306x112
Q9BY44,585,585x112
Q9BY67,442,442x112
Q9BY77,421,421x112
Q9BY89,1806,1806x112
Q9BYD2,267,267x112
Q9BYD6,325,325x112
Q9BYG3,293,293x112
Q9BYT8,704,704x112
Q9BYW2,2564,2564x112
Q9BYX2,928,928x112
Q9BZD4,464,464x112
Q9BZE1,423,423x112
Q9BZE4,634,634x112
Q9BZF1,889,889x112
Q9BZF9,1416,1416x112
Q9BZG1,259,259x112
Q9BZH6,1224,1224x112
Q9BZI7,483,483x112
Q9BZJ0,848,848x112
Q9BZV1,441,441x112
Q9BZX2,261,261x112
Q9BZZ5,524,524x112
Q9C005,99,99x112
Q9C0B5,715,715x112
Q9C0C2,1729,1729x112
Q9C0C9,1292,1292x112
Q9C0D5,1861,1861x112
Q9C0E2,1151,1151x112
Q9C0I1,747,747x112
Q9GZL7,423,423x112
Q9GZP4,211,211x112
Q9GZQ3,224,224x112
Q9GZR2,422,422x112
Q9GZR7,859,859x112
Q9GZS1,419,419x112
Q9GZS3,305,305x112
Q9GZT3,109,109x112
Q9GZT9,426,426x112
Q9GZU8,254,254x112
Q9GZY8,342,342x112
Q9GZZ1,169,169x112
Q9GZZ9,404,404x112
Q9H000,416,416x112
Q9H074,479,479x112
Q9H078,707,707x112
Q9H081,205,205x112
Q9H089,658,658x112
Q9H0A0,1025,1025x112
Q9H0A8,199,199x112
Q9H0B6,622,622x112
Q9H0C8,392,392x112
Q9H0D6,950,950x112
Q9H0E3,1048,1048x112
Q9H0F6,387,387x112
Q9H0H5,632,632x112
Q9H0L4,616,616x112
Q9H0W9,315,315x112
Q9H1A3,318,318x112
Q9H1A4,1944,1944x112
Q9H1H9,1805,1805x112
Q9H1I8,757,757x112
Q9H1K0,784,784x112
Q9H1K1,167,167x112
Q9H1Y0,275,275x112
Q9H201,632,632x112
Q9H254,2564,2564x112
Q9H267,617,617x112
Q9H269,839,839x112
Q9H2D1,315,315x112
Q9H2F9,335,335x112
Q9H2G2,1235,1235x112
Q9H2J4,239,239x112
Q9H2L5,321,321x112
Q9H2M9,1393,1393x112
Q9H2P9,285,285x112
Q9H2U1,1008,1008x112
Q9H2U2,334,334x112
Q9H307,717,717x112
Q9H3F6,313,313x112
Q9H3H5,408,408x112
Q9H3K2,345,345x112
Q9H3P2,528,528x112
Q9H3P7,528,528x112
Q9H3Q1,356,356x112
Q9H3R2,512,512x112
Q9H3S7,1636,1636x112
Q9H3U1,944,944x112
Q9H3U5,465,465x112
Q9H3Z4,198,198x112
Q9H444,224,224x112
Q9H467,287,287x112
Q9H479,309,309x112
Q9H4A3,2382,2382x112
Q9H4A4,650,650x112
Q9H4A6,298,298x112
Q9H4L5,887,887x112
Q9H4L7,1026,1026x112
Q9H501,851,851x112
Q9H553,416,416x112
Q9H583,2144,2144x112
Q9H5Q4,396,396x112
Q9H633,154,154x112
Q9H6E5,874,874x112
Q9H6F5,360,360x112
Q9H6H4,257,257x112
Q9H6Q4,476,476x112
Q9H6R4,1146,1146x112
Q9H6S0,1430,1430x112
Q9H6S3,715,715x112
Q9H6T0,727,727x112
Q9H6T3,665,665x112
Q9H6U8,611,611x112
Q9H6W3,641,641x112
Q9H6Z4,567,567x112
Q9H788,454,454x112
Q9H7B2,306,306x112
Q9H7D0,1870,1870x112
Q9H7E2,651,651x112
Q9H7Z7,377,377x112
Q9H814,394,394x112
Q9H832,354,354x112
Q9H875,184,184x112
Q9H8H0,719,719x112
Q9H8H2,851,851x112
Q9H8M5,875,875x112
Q9H8Y8,452,452x112
Q9H900,591,591x112
Q9H910,190,190x112
Q9H936,323,323x112
Q9H967,626,626x112
Q9H993,441,441x112
Q9H9A6,602,602x112
Q9H9B4,322,322x112
Q9H9C1,493,493x112
Q9H9E3,785,785x112
Q9H9L3,353,353x112
Q9H9P8,463,463x112
Q9H9T3,547,547x112
Q9H9Y6,1135,1135x112
Q9HA77,564,564x112
Q9HAU5,1272,1272x112
Q9HAV4,1204,1204x112
Q9HAV7,217,217x112
Q9HB07,376,376x112
Q9HB40,452,452x112
Q9HB71,228,228x112
Q9HBH0,211,211x112
Q9HBL7,147,147x112
Q9HBL8,299,299x112
Q9HBM1,224,224x112
Q9HC07,324,324x112
Q9HC21,320,320x112
Q9HC35,981,981x112
Q9HC36,420,420x112
Q9HC38,313,313x112
Q9HC98,313,313x112
Q9HCC0,563,563x112
Q9HCD5,579,579x112
Q9HCE1,1003,1003x112
Q9HCF6,1732,1732x112
Q9HCL2,828,828x112
Q9HCS7,855,855x112
Q9HCU5,417,417x112
Q9HD26,462,462x112
Q9HD33,250,250x112
Q9HD34,91,91x112
Q9HD45,589,589x112
Q9HD67,2058,2058x112
Q9HDC9,416,416x112
Q9NP58,842,842x112
Q9NP66,347,347x112
Q9NP79,307,307x112
Q9NP80,782,782x112
Q9NPA3,183,183x112
Q9NPA8,101,101x112
Q9NPE3,64,64x112
Q9NPF5,467,467x112
Q9NPF8,381,381x112
Q9NPJ6,270,270x112
Q9NPL8,285,285x112
Q9NPQ8,531,531x112
Q9NQ55,473,473x112
Q9NQ88,270,270x112
Q9NQC3,1192,1192x112
Q9NQG5,326,326x112
Q9NQL2,400,400x112
Q9NQP4,134,134x112
Q9NQR4,276,276x112
Q9NQS7,918,918x112
Q9NQT4,235,235x112
Q9NQV7,894,894x112
Q9NQW6,1124,1124x112
Q9NQW7,623,623x112
Q9NQX3,736,736x112
Q9NQZ2,479,479x112
Q9NR12,457,457x112
Q9NR19,701,701x112
Q9NR28,239,239x112
Q9NR30,783,783x112
Q9NR31,198,198x112
Q9NR33,117,117x112
Q9NR45,359,359x112
Q9NR46,395,395x112
Q9NR50,452,452x112
Q9NR56,388,388x112
Q9NRD1,293,293x112
Q9NRF9,147,147x112
Q9NRG0,131,131x112
Q9NRG1,225,225x112
Q9NRG4,433,433x112
Q9NRH2,765,765x112
Q9NRK6,738,738x112
Q9NRL2,1556,1556x112
Q9NRN7,309,309x112
Q9NRN9,209,209x112
Q9NRS6,342,342x112
Q9NRV9,189,189x112
Q9NRW7,570,570x112
Q9NRX2,175,175x112
Q9NRX4,125,125x112
Q9NRY2,104,104x112
Q9NRZ9,838,838x112
Q9NS87,1388,1388x112
Q9NS91,495,495x112
Q9NS93,570,570x112
Q9NSD9,589,589x112
Q9NSE4,1012,1012x112
Q9NSI2,230,230x112
Q9NSV4,1193,1193x112
Q9NT62,314,314x112
Q9NTI5,1447,1447x112
Q9NTJ3,1288,1288x112
Q9NTJ5,587,587x112
Q9NTK5,396,396x112
Q9NTM9,273,273x112
Q9NTZ6,932,932x112
Q9NUL3,570,570x112
Q9NUM4,274,274x112
Q9NUP9,197,197x112
Q9NUQ2,364,364x112
Q9NUQ8,709,709x112
Q9NUQ9,324,324x112
Q9NV06,445,445x112
Q9NV70,894,894x112
Q9NVC6,651,651x112
Q9NVD7,372,372x112
Q9NVE7,773,773x112
Q9NVG8,400,400x112
Q9NVH1,559,559x112
Q9NVH2,962,962x112
Q9NVI1,1328,1328x112
Q9NVM4,692,692x112
Q9NVM6,304,304x112
Q9NVM9,706,706x112
Q9NVN3,520,520x112
Q9NVN8,582,582x112
Q9NVP1,670,670x112
Q9NVQ4,179,179x112
Q9NVS2,196,196x112
Q9NVT9,282,282x112
Q9NVU0,708,708x112
Q9NVU7,687,687x112
Q9NVV4,582,582x112
Q9NVX2,485,485x112
Q9NW08,1133,1133x112
Q9NW13,759,759x112
Q9NW64,420,420x112
Q9NW68,430,430x112
Q9NW81,257,257x112
Q9NW82,654,654x112
Q9NWB6,273,273x112
Q9NWH9,1034,1034x112
Q9NWS8,449,449x112
Q9NWS9,450,450x112
Q9NWT1,392,392x112
Q9NWV4,160,160x112
Q9NX01,149,149x112
Q9NX18,166,166x112
Q9NX40,245,245x112
Q9NX58,379,379x112
Q9NX61,479,479x112
Q9NX62,359,359x112
Q9NX63,227,227x112
Q9NXC5,875,875x112
Q9NXE4,866,866x112
Q9NXF1,929,929x112
Q9NXG2,353,353x112
Q9NXH9,659,659x112
Q9NXR1,335,335x112
Q9NY12,217,217x112
Q9NY27,417,417x112
Q9NY33,737,737x112
Q9NY61,560,560x112
Q9NY74,926,926x112
Q9NY93,547,547x112
Q9NYB9,513,513x112
Q9NYF8,920,920x112
Q9NYH9,597,597x112
Q9NYK5,338,338x112
Q9NYL9,352,352x112
Q9NYP7,299,299x112
Q9NYU2,1555,1555x112
Q9NZ01,308,308x112
Q9NZ09,502,502x112
Q9NZ32,417,417x112
Q9NZ43,259,259x112
Q9NZ52,723,723x112
Q9NZ63,289,289x112
Q9NZD2,209,209x112
Q9NZD8,308,308x112
Q9NZE8,188,188x112
Q9NZL9,334,334x112
Q9NZM1,2061,2061x112
Q9NZM3,1697,1697x112
Q9NZM5,478,478x112
Q9NZN4,543,543x112
Q9NZN5,1544,1544x112
Q9NZN8,540,540x112
Q9NZW5,540,540x112
Q9NZZ3,219,219x112
Q9P000,198,198x112
Q9P013,229,229x112
Q9P016,225,225x112
Q9P021,101,101x112
Q9P0B6,97,97x112
Q9P0I2,261,261x112
Q9P0J0,144,144x112
Q9P0J7,381,381x112
Q9P0K7,980,980x112
Q9P0L0,249,249x112
Q9P0M6,372,372x112
Q9P0M9,148,148x112
Q9P0P8,240,240x112
Q9P0S2,106,106x112
Q9P0U3,644,644x112
Q9P0V3,963,963x112
Q9P0V9,454,454x112
Q9P1Y5,1249,1249x112
Q9P1Z2,691,691x112
Q9P219,2028,2028x112
Q9P253,973,973x112
Q9P258,522,522x112
Q9P260,1216,1216x112
Q9P287,314,314x112
Q9P2B4,639,639x112
Q9P2E3,1918,1918x112
Q9P2E9,1410,1410x112
Q9P2I0,782,782x112
Q9P2J5,1176,1176x112
Q9P2K3,495,495x112
Q9P2N5,1060,1060x112
Q9P2N7,655,655x112
Q9P2R3,1169,1169x112
Q9P2R7,463,463x112
Q9P2S5,460,460x112
Q9P2W9,335,335x112
Q9UBB4,475,475x112
Q9UBB5,411,411x112
Q9UBB9,837,837x112
Q9UBC1,381,381x112
Q9UBC2,864,864x112
Q9UBD5,711,711x112
Q9UBE0,346,346x112
Q9UBF8,816,816x112
Q9UBH6,696,696x112
Q9UBI1,195,195x112
Q9UBI6,72,72x112
Q9UBL3,628,628x112
Q9UBM7,475,475x112
Q9UBP0,616,616x112
Q9UBP9,304,304x112
Q9UBR2,303,303x112
Q9UBS3,223,223x112
Q9UBS4,358,358x112
Q9UBS8,474,474x112
Q9UBT2,640,640x112
Q9UBT7,734,734x112
Q9UBU8,362,362x112
Q9UBU9,619,619x112
Q9UBV2,794,794x112
Q9UBW5,565,565x112
Q9UBW8,275,275x112
Q9UBX3,287,287x112
Q9UBX8,382,382x112
Q9UDY2,1190,1190x112
Q9UDY8,824,824x112
Q9UEE9,299,299x112
Q9UER7,740,740x112
Q9UEW8,545,545x112
Q9UG63,623,623x112
Q9UGC7,380,380x112
Q9UGI8,421,421x112
Q9UGI9,489,489x112
Q9UGJ1,667,667x112
Q9UGM6,360,360x112
Q9UGN5,583,583x112
Q9UGP4,676,676x112
Q9UGP8,760,760x112
Q9UGR2,977,977x112
Q9UGV2,375,375x112
Q9UH65,585,585x112
Q9UHA3,163,163x112
Q9UHB6,759,759x112
Q9UHB9,627,627x112
Q9UHD1,332,332x112
Q9UHD2,729,729x112
Q9UHD8,586,586x112
Q9UHD9,624,624x112
Q9UHG3,505,505x112
Q9UHI6,824,824x112
Q9UHN1,485,485x112
Q9UHQ9,305,305x112
Q9UHR4,511,511x112
Q9UHV9,154,154x112
Q9UHW5,284,284x112
Q9UHW9,1150,1150x112
Q9UHY1,535,535x112
Q9UHY7,261,261x112
Q9UI09,145,145x112
Q9UI10,523,523x112
Q9UI12,483,483x112
Q9UIA9,1087,1087x112
Q9UIG0,1483,1483x112
Q9UII2,106,106x112
Q9UIQ6,1025,1025x112
Q9UJ83,578,578x112
Q9UJA5,497,497x112
Q9UJC3,728,728x112
Q9UJU6,430,430x112
Q9UJV9,622,622x112
Q9UJX2,597,597x112
Q9UJX6,822,822x112
Q9UJY1,196,196x112
Q9UJZ1,356,356x112
Q9UK32,745,745x112
Q9UK41,221,221x112
Q9UK45,103,103x112
Q9UK59,544,544x112
Q9UK61,1670,1670x112
Q9UK76,154,154x112
Q9UKA4,1901,1901x112
Q9UKD1,530,530x112
Q9UKD2,239,239x112
Q9UKK3,1724,1724x112
Q9UKK6,140,140x112
Q9UKK9,219,219x112
Q9UKN8,822,822x112
Q9UKV3,1341,1341x112
Q9UKX7,468,468x112
Q9UKY7,258,258x112
Q9UKZ1,510,510x112
Q9UL03,887,887x112
Q9UL25,225,225x112
Q9UL46,239,239x112
Q9UL63,735,735x112
Q9ULC3,237,237x112
Q9ULC4,181,181x112
Q9ULD2,1270,1270x112
Q9ULD9,1512,1512x112
Q9ULG6,757,757x112
Q9ULH0,1771,1771x112
Q9ULI2,386,386x112
Q9ULJ8,1098,1098x112
Q9ULR0,285,285x112
Q9ULT8,2610,2610x112
Q9ULW0,747,747x112
Q9ULW6,460,460x112
Q9ULX3,412,412x112
Q9ULX6,646,646x112
Q9UMR2,479,479x112
Q9UMS4,504,504x112
Q9UMX5,172,172x112
Q9UMY1,257,257x112
Q9UMZ2,1314,1314x112
Q9UN86,482,482x112
Q9UNE7,303,303x112
Q9UNF0,486,486x112
Q9UNH7,406,406x112
Q9UNI6,340,340x112
Q9UNK0,236,236x112
Q9UNL2,185,185x112
Q9UNM6,376,376x112
Q9UNN5,650,650x112
Q9UNN8,238,238x112
Q9UNQ2,313,313x112
Q9UNS2,423,423x112
Q9UNX4,943,943x112
Q9UNY4,1162,1162x112
Q9UNZ2,370,370x112
Q9UNZ5,99,99x112
Q9UPN4,1083,1083x112
Q9UPN6,1271,1271x112
Q9UPN9,1127,1127x112
Q9UPP2,1182,1182x112
Q9UPQ0,1083,1083x112
Q9UPR0,1127,1127x112
Q9UPT5,735,735x112
Q9UPT9,525,525x112
Q9UPU5,2620,2620x112
Q9UQ13,582,582x112
Q9UQ80,394,394x112
Q9UQB3,1225,1225x112
Q9UQB8,552,552x112
Q9UQE7,1217,1217x112
Q9UQN3,213,213x112
Q9Y217,621,621x112
Q9Y221,180,180x112
Q9Y223,722,722x112
Q9Y224,244,244x112
Q9Y230,463,463x112
Q9Y237,131,131x112
Q9Y248,185,185x112
Q9Y255,219,219x112
Q9Y262,564,564x112
Q9Y263,795,795x112
Q9Y266,331,331x112
Q9Y282,383,383x112
Q9Y285,508,508x112
Q9Y294,204,204x112
Q9Y295,367,367x112
Q9Y2A7,1128,1128x112
Q9Y2B0,182,182x112
Q9Y2B1,443,443x112
Q9Y2C4,368,368x112
Q9Y2D4,811,811x112
Q9Y2G5,429,429x112
Q9Y2H2,1132,1132x112
Q9Y2H6,1198,1198x112
Q9Y2J2,1087,1087x112
Q9Y2K9,1186,1186x112
Q9Y2L1,958,958x112
Q9Y2Q9,187,187x112
Q9Y2R9,242,242x112
Q9Y2S7,368,368x112
Q9Y2T2,418,418x112
Q9Y2T3,454,454x112
Q9Y2V2,147,147x112
Q9Y2W1,955,955x112
Q9Y2W2,641,641x112
Q9Y2W6,561,561x112
Q9Y2X0,877,877x112
Q9Y2X3,529,529x112
Q9Y2X7,761,761x112
Q9Y2Z0,365,365x112
Q9Y305,439,439x112
Q9Y312,384,384x112
Q9Y314,301,301x112
Q9Y316,297,297x112
Q9Y324,198,198x112
Q9Y333,95,95x112
Q9Y375,327,327x112
Q9Y376,341,341x112
Q9Y383,392,392x112
Q9Y394,339,339x112
Q9Y399,296,296x112
Q9Y3A2,253,253x112
Q9Y3A3,225,225x112
Q9Y3A4,280,280x112
Q9Y3A5,250,250x112
Q9Y3B2,195,195x112
Q9Y3B3,224,224x112
Q9Y3B4,125,125x112
Q9Y3B7,192,192x112
Q9Y3B8,237,237x112
Q9Y3B9,282,282x112
Q9Y3C0,194,194x112
Q9Y3C1,178,178x112
Q9Y3C8,167,167x112
Q9Y3D0,163,163x112
Q9Y3D3,137,137x112
Q9Y3D6,152,152x112
Q9Y3D7,125,125x112
Q9Y3D8,172,172x112
Q9Y3D9,190,190x112
Q9Y3F4,350,350x112
Q9Y3I0,505,505x112
Q9Y3P9,1069,1069x112
Q9Y3T9,749,749x112
Q9Y3U8,105,105x112
Q9Y3Y2,248,248x112
Q9Y3Z3,626,626x112
Q9Y446,797,797x112
Q9Y448,316,316x112
Q9Y450,684,684x112
Q9Y466,385,385x112
Q9Y4B5,1905,1905x112
Q9Y4C2,921,921x112
Q9Y4C8,960,960x112
Q9Y4E8,981,981x112
Q9Y4F1,1045,1045x112
Q9Y4G6,2542,2542x112
Q9Y4I1,1855,1855x112
Q9Y4L1,999,999x112
Q9Y4P3,447,447x112
Q9Y4P8,454,454x112
Q9Y4W2,734,734x112
Q9Y4W6,797,797x112
Q9Y4X5,557,557x112
Q9Y4Y9,91,91x112
Q9Y4Z0,139,139x112
Q9Y508,228,228x112
Q9Y512,469,469x112
Q9Y570,386,386x112
Q9Y597,815,815x112
Q9Y5A7,615,615x112
Q9Y5B6,917,917x112
Q9Y5B9,1047,1047x112
Q9Y5J1,556,556x112
Q9Y5K5,329,329x112
Q9Y5K6,639,639x112
Q9Y5L0,923,923x112
Q9Y5M8,271,271x112
Q9Y5N6,252,252x112
Q9Y5P4,624,624x112
Q9Y5Q0,445,445x112
Q9Y5Q8,519,519x112
Q9Y5Q9,886,886x112
Q9Y5T5,823,823x112
Q9Y5V0,76,76x112
Q9Y5W8,968,968x112
Q9Y5Y0,555,555x112
Q9Y606,427,427x112
Q9Y608,721,721x112
Q9Y617,370,370x112
Q9Y673,324,324x112
Q9Y676,258,258x112
Q9Y678,874,874x112
Q9Y696,253,253x112
Q9Y6A5,838,838x112
Q9Y6C9,303,303x112
Q9Y6D6,1849,1849x112
Q9Y6D9,718,718x112
Q9Y6E0,443,443x112
Q9Y6G3,142,142x112
Q9Y6G9,523,523x112
Q9Y6K5,1087,1087x112
Q9Y6K9,419,419x112
Q9Y6M1,599,599x112
Q9Y6M7,1214,1214x112
Q9Y6M9,179,179x112
Q9Y6R0,609,609x112
Q9Y6U3,715,715x112
Q9Y6V7,483,483x112
Q9Y6W5,498,498x112
Q9Y6X1,66,66x112
Q9Y6X9,1032,1032x112
Q9Y6Y0,642,642x112
Q9Y6Y8,1000,1000x112
